65b143801dd156de36b095b8fc698b41,ev_message_,091341581d170f
5add55c6f1d608573da4d6ce7e2177d4,ev_message_,091341581d170f
f10a28449e7990be3f30a1f2fcd7394c,ev_message_,091341581d170f
197282fcd7dffabfaa2091f4de50e075,ev_message_,091341581d170f
3b340da999e8390d12c9ab85040d68fc,ui_tutorial_,0c125959551101
c31c4989f4efb0863a61b95f868c6190,ui_tutorial_,0c125959551101
879e35f84ce20175d2bcdc47d86774e3,ui_tutorial_,0c125959551101
9b309ccacbc15a4ea553752008771ae6,ui_tutorial_,0c125959551101
d966f4e60a191adbd2d1ebb34e7be87b,ui_tutorial_,0c125959551101
cd3bb26d8fd64f9b6d31f51e7c1a3734,ui_tutorial_,0c125959551101
1a4971ed6bd53061979831dd39934c04,ui_tutorial_,0c125959551101
d4f13c634ae8913f9c2344aa3820351f,ui_tutorial_,0c125959551101
80cc71df42aa6d47acd0a1b767e5cb55,ui_tutorial_,0c125959551101
63848cdc4aa7cbe0b248c3d7fbdaeabb,ui_tutorial_,0c125959551101
05f81f3565bbabb070c08579f8f851db,ui_tutorial_,0c125959551101
34898120964bc56904a1dc106c071592,ui_tutorial_,0c125959551101
50c19d2be04e62482eb13749cc0b3890,ui_tutorial_,0c125959551101
c8898e0e275e173fd9bad35bd78026cc,ui_tutorial_,0c125959551101
dc87fb0bb00d314cf27367f7fcbddf02,ui_tutorial_,0c125959551101
0857615b5dd5ff5367a53d2aff3c332d,ui_tutorial_,0c125959551101
53f948c8bb428e4813da57e2d2ce5f78,ui_tutorial_,0c125959551101
853eb4f5b78cf7fa909842f9f4eb03d3,ui_tutorial_,0c125959551101
ca1993704f3b4df6c25ff79491736e7a,ui_tutorial_,0c125959551101
85177ddab632e3be7596f591693f2a8e,ui_tutorial_,0c125959551101
e094b647b8c3fd542adf323102c2e571,ui_tutorial_,0c125959551101
dc036deadb3dae95bd8b1619095b646a,ui_tutorial_,0c125959551101
defbf1fdc69d5ca0b29d92433608dfc1,ui_tutorial_,0c125959551101
13394f00dd28a4ac6a980a3f9bff1d2c,ui_tutorial_,0c125959551101
81c2c83d73929e2ded87bdf8c9203245,ui_tutorial_,0c125959551101
504c152aa24bd6d2e11c59bace3480ae,ui_tutorial_,0c125959551101
4076858a63cf7578b87d4ff341d8bfe7,ui_tutorial_,0c125959551101
07c25f046577baaa1c1daf1ab2e76fd3,ui_tutorial_,0c125959551101
90b7f96fdf5e2ce0c76c6fd09fc7b708,ui_tutorial_,0c125959551101
3db4f81b7972747fea18383e2778fd9f,ui_tutorial_,0c125959551101
cf5e2c7bcd6f497471cc77dd7b4b0d0a,ui_tutorial_,0c125959551101
8ea93a3f1be3bcd33a7d5e6641bb55a5,ui_tutorial_,0c125959551101
1db1161950ab929c867cd996d601dd07,ui_tutorial_,0c125959551101
2ecb8d1cca247cb8e6d65e517f356a01,ui_tutorial_,0c125959551101
0e650385d4b7c66fc7f832cf483e516c,ui_tutorial_,0c125959551101
8909ee428718f02d67e9c7aae762293b,ui_tutorial_,0c125959551101
072a9327e2562492b354db76fb3b9c93,ui_tutorial_,0c125959551101
e66b1982e5d95f3514f777e37bae5d2d,ui_tutorial_,0c125959551101
83a248b1a320a0cd2f41119647d4dba8,ui_tutorial_,0c125959551101
74887b3d276cfb634d9d7dc3771cbb2e,ui_tutorial_,0c125959551101
5b070f455ccbd42d88c4ab8409766a4e,ui_tutorial_,0c125959551101
675a13c20ffc9264bed910c6ea1a6c8a,ui_tutorial_,0c125959551101
b8743ffe2b86ab197a8cf25e83501d26,ui_tutorial_,0c125959551101
ee932d2465f713766a1c6f437347b0ad,ui_tutorial_,0c125959551101
dca78d9943d4fc7bac94b68312297b7e,ui_tutorial_,0c125959551101
057943bad2710a3b7ebb926182909056,ui_tutorial_,0c125959551101
323b92bd133f547cbb42d01612748d70,ui_tutorial_,0c125959551101
3e6dfd6324692d1d88741c18e19e012d,ui_tutorial_,0c125959551101
7d35d92855f7d4f3b53d55b34ce70aac,ui_tutorial_,0c125959551101
7a283ebdec6b4ee91d607d5033a84bb9,ui_tutorial_,0c125959551101
00afa6613030227b883743a10d30a356,ui_tutorial_,0c125959551101
36b09a2ef59be5ae3e9d26813d1421e5,ui_tutorial_,0c125959551101
7d29640c3aacf07d95fb1d988ab50ca3,ui_tutorial_,0c125959551101
1f984241f235b91f2a62da78fe3d771e,ui_tutorial_,0c125959551101
a7250cf69af237f102147ea7a517e0a3,ui_tutorial_,0c125959551101
4e811349d183e09d2eceb367ba65848f,ui_tutorial_,0c125959551101
05ced32bb8188fc263c0a798464d3a1f,ui_tutorial_,0c125959551101
1c653da2436389aa0fa0b1166bff60c1,ui_tutorial_,0c125959551101
1df0a88ba6cd5bb77d1e75897519a144,ui_tutorial_,0c125959551101
fd1381d6a6bde91a3276e671a05c8a28,ui_tutorial_,0c125959551101
719c7f44dd117e70f3a4b805553b75ce,ui_tutorial_,0c125959551101
8339e7e0abff5365ea79a337fd4cbc95,ui_tutorial_,0c125959551101
44ec4afae2967a985557899c860caf24,ui_tutorial_,0c125959551101
f04605fb181840d93d345fa63e976548,ui_tutorial_,0c125959551101
7e36adef93a6a913f599de6c5b732c47,ui_tutorial_,0c125959551101
f2a6d5cf48c4fa0ac595cf9cbbdf37ac,ui_tutorial_,0c125959551101
eddea223d996f5e65ff2f3fa50cf9159,ui_tutorial_,0c125959551101
dfcc83e53aefecae378e70a1333a110c,ui_tutorial_,0c125959551101
f26f0807cee446ff4c2619d542d5903b,ui_tutorial_,0c125959551101
98986a8d6f93088ec4adc7478b29cb39,ui_tutorial_,0c125959551101
de4c220828a4656842cb0706b9bbe376,ui_tutorial_,0c125959551101
1f260b763077f65b326f01eec1099cab,ui_tutorial_,0c125959551101
d5a9665f7b3ac6eb5e3603938fafab58,fl_message_,0c5859480f1945
b0995c31fe6b169f5e7883cac644b114,fl_message_,0c5859480f1945
761c604cf17b89f30d8c5a98fe8508e3,fl_message_,0c5859480f1945
5cadb0647fee457184029d58ce95d8ea,fl_message_,0c5859480f1945
1aadce095ed6031382cf8f671a02324a,text_icon_,18584e4956551f
55249b16b9d5b628082c37c5200e23d0,message_,1f1c0c050e0a01
0dfbcf3e37a8d28b07d19e76307b71ab,message_,1f1c0c050e0a01
0138f5899b1650d12fbeddb2ece81e6a,message_,1f1c0c050e0a01
4ff5020df5f83978f95056ff7227bc21,message_,1f1c0c050e0a01
834ff054edd4d00c942ec352d65f510f,lc_message_,5703495859480c
675d2f9c8f2ed509e5a8a069595f841d,lc_message_,5703495859480c
9f2a1d7401ff4d4d4373cd04ff3e5e79,lc_message_,5703495859480c
6818cc8fb11376f6a6b87dea9dcc931e,lc_message_,5703495859480c
ede6c243007eb03bc63362aa15933a0e,battle_assist_arrow_,5758514b0f0204
bb597e304c73609bb5303b1cf4c37563,battle_assist_arrow_,5758514b0f0204